Dock,Dock_U,Minimize,Minimize_U
-10.849422454833984,0,-168.71826171875,0
