Dock,Dock_U,Minimize,Minimize_U,mmgbsa,mmgbsa_U
-8.736013412475586,0,-128.45880126953125,0,18.13841321768632,61.49591777187439
